<configuration>

    <conversionRule conversionWord="coloredLevel" converterClass="play.api.Logger$ColoredLevel" />

    <appender name="FILE" class="ch.qos.logback.core.rolling.RollingFileAppender">
        <file>${application.home}/logs/hbc-microservice-template.log</file>
        <rollingPolicy class="ch.qos.logback.core.rolling.TimeBasedRollingPolicy">
            <fileNamePattern>logFile.%d{yyyy-MM-dd}.log</fileNamePattern>
            <maxHistory>30</maxHistory>
        </rollingPolicy>
        <encoder>
            <pattern>%date - [%level] - from %logger in %thread %n%message%n%xException%n</pattern>
        </encoder>
    </appender>

    <appender name="ASYNC" class="ch.qos.logback.classic.AsyncAppender">
        <appender-ref ref="FILE" />
    </appender>

    <logger name="play" level="DEBUG" />
    <logger name="application" level="DEBUG" />

    <logger name="com.avaje.ebean.config.PropertyMapLoader" level="OFF" />
    <logger name="com.avaje.ebeaninternal.server.core.XmlConfigLoader" level="OFF" />
    <logger name="com.avaje.ebeaninternal.server.lib.BackgroundThread" level="OFF" />
    <logger name="com.gargoylesoftware.htmlunit.javascript" level="OFF" />

    <root level="DEBUG">
        <appender-ref ref="ASYNC" />
    </root>

</configuration>